TITLE,AVG(S.SALARY)
Technique Leader,59087.184696
Senior Staff,70409.238714
Engineer,59459.085831
Assistant Engineer,59389.507989
Senior Engineer,60512.834065
Staff,69255.410268
Manager,66924.270619